region,team name,player name,games,wins,win percentage,score,score per game,goals,goals per game,assists,assists per game,saves,saves per game,shots,shots per game,shots conceded,shots conceded per game,goals conceded,goals conceded per game,goals conceded while last defender,goals conceded while last defender per game,shooting percentage,bpm per game,avg boost amount per game,amount collected,amount collected per game,amount collected big pads,amount collected big pads per game,amount collected small pads,amount collected small pads per game,count collected big pads,count collected big pads per game,count collected small pads,count collected small pads per game,amount stolen,amount stolen per game,amount stolen big pads,amount stolen big pads per game,amount stolen small pads,amount stolen small pads per game,count stolen big pads,count stolen big pads per game,count stolen small pads,count stolen small pads per game,0 boost time,0 boost time per game,100 boost time,100 boost time per game,amount used while supersonic,amount used while supersonic per game,amount overfill total,amount overfill total per game,amount overfill stolen,amount overfill stolen per game,avg speed per game,total distance,total distance per game,time slow speed,time slow speed per game,time boost speed,time boost speed per game,time supersonic speed,time supersonic speed per game,time on ground,time on ground per game,time low in air,time low in air per game,time high in air,time high in air per game,time powerslide,time powerslide per game,avg powerslide time per game,count powerslide,count powerslide per game,time most back,time most back per game,time most forward,time most forward per game,time in front of ball,time in front of ball per game,time behind ball,time behind ball per game,time defensive half,time defensive half per game,time offensive half,time offensive half per game,time defensive third,time defensive third per game,time neutral third,time neutral third per game,time offensive third,time offensive third per game,avg distance to ball per game,avg distance to ball has possession per game,avg distance to ball no possession per game,demos inflicted,demos inflicted per game,demos taken,demos taken per game
Europe,MOIST ESPORTS,##Joyokami,41,24,58.54,14526,354.29,18,0.44,20,0.49,65,1.59,100,2.44,336,8.2,68,1.66,22,0.54,18,414.86,48.72,110297,2690.17,77383,1887.39,32914,802.78,922,22.49,2858,69.71,26549,647.54,17245,420.61,9304,226.93,204,4.98,801,19.54,1767.99,43.12,2032.65,49.58,14696,358.44,15591,380.27,3272,79.8,1514.55,22958892,559973,7512.27,183.23,6118.21,149.22,2260.31,55.13,8864.68,216.21,5848.18,142.64,1177.9,28.73,345.24,8.42,0.09,3792,92.49,5746.7,140.16,4937.3,120.42,4435.7,108.19,11455.07,279.39,10394.15,253.52,5496.66,134.06,7657.49,186.77,5079.57,123.89,3153.77,76.92,2919.64,2834.78,2997.16,57,1.39,40,0.98
Europe,ONE CHIP ARMY,&Toxiic&,14,4,28.57,3908,279.14,5,0.36,2,0.14,22,1.57,35,2.5,111,7.93,30,2.14,12,0.86,14.29,413.59,46.1,34066,2433.29,20970,1497.86,13096,935.43,248,17.71,1129,80.64,7127,509.07,3332,238,3795,271.07,41,2.93,334,23.86,631.75,45.12,370.38,26.46,3590,256.43,3831,273.64,700,50,1521.29,7391068,527933.44,2343.49,167.39,2038.45,145.6,701.91,50.14,2881.49,205.82,1884.34,134.6,318.04,22.72,129.11,9.22,0.12,1088,77.71,1642.2,117.3,1650.7,117.91,1535.59,109.69,3548.26,253.45,3320.62,237.19,1763.23,125.94,2451.23,175.09,1678.11,119.86,954.54,68.18,2790.32,2668.36,2908.71,15,1.07,14,1
Europe,TEAM LIQUID,AcroniK. &,42,20,47.62,13476,320.86,21,0.5,17,0.4,66,1.57,99,2.36,344,8.19,86,2.05,31,0.74,21.21,428.74,46.72,108700,2588.1,79305,1888.21,29395,699.88,917,21.83,2435,57.98,18571,442.17,11527,274.45,7044,167.71,128,3.05,592,14.1,2121.08,50.5,1598.54,38.06,17620,419.52,12081,287.64,1264,30.1,1567.75,22927058,545882.31,6839.79,162.85,5599.33,133.32,2949.69,70.23,8694.24,207.01,5553.35,132.22,1141.21,27.17,349.15,8.31,0.1,3675,87.5,6174.6,147.01,3981.8,94.8,3884.93,92.5,11503.87,273.9,10184.96,242.5,5203.83,123.9,7600.54,180.97,4824.91,114.88,2963.39,70.56,3055.98,2988.02,3111.71,36,0.86,52,1.24
Europe,TEAM VITALITY,Alpha54,32,14,43.75,12317,384.91,21,0.66,13,0.41,56,1.75,108,3.38,253,7.91,64,2,25,0.78,19.44,439.38,53.02,84766,2648.94,59402,1856.31,25364,792.62,733,22.91,2206,68.94,19004,593.88,11028,344.62,7976,249.25,129,4.03,693,21.66,1190.45,37.2,1850.27,57.82,14606,456.44,14865,464.53,2222,69.44,1633.22,18092584,565393.25,4567.65,142.74,4837.39,151.17,2241.98,70.06,6262.06,195.69,4533.03,141.66,851.93,26.62,256.97,8.03,0.1,2568,80.25,3969.5,124.05,3494.4,109.2,2817.34,88.04,8829.7,275.93,7180.69,224.4,4466.37,139.57,5133.83,160.43,3933.37,122.92,2579.81,80.62,2690.82,2544.05,2818.9,23,0.72,26,0.81
Europe,OXYGEN ESPORTS,Archie,42,32,76.19,19540,465.24,28,0.67,31,0.74,93,2.21,158,3.76,356,8.48,67,1.6,18,0.43,17.72,436.44,50.33,122230,2910.24,88120,2098.1,34110,812.14,1088,25.9,2974,70.81,28691,683.12,17912,426.48,10779,256.64,210,5,923,21.98,1928.07,45.91,1914,45.57,20995,499.88,20808,495.43,3365,80.12,1598.68,25599200,609504.75,6828.15,162.57,6706.92,159.69,3252.74,77.45,9186.96,218.74,6328.41,150.68,1272.38,30.29,299.32,7.13,0.12,2517,59.93,5381.7,128.14,5594.8,133.21,4548.07,108.29,12239.72,291.42,10058.07,239.48,6729.67,160.23,7426.95,176.83,5278.19,125.67,4082.62,97.21,2810.01,2718.43,2892.35,54,1.29,45,1.07
Europe,GAMERS FIRST,AtomiK,41,22,53.66,19759,481.93,41,1,20,0.49,78,1.9,167,4.07,368,8.98,75,1.83,30,0.73,24.55,413.13,50.78,106894,2607.17,72132,1759.32,34762,847.85,908,22.15,2994,73.02,24850,606.1,14721,359.05,10129,247.05,175,4.27,875,21.34,1284.72,31.33,1738.48,42.4,14008,341.66,19213,468.61,2770,67.56,1612.08,24071958,587120.94,6272.77,152.99,6552.84,159.83,2853.91,69.61,7799.81,190.24,6620.31,161.47,1259.41,30.72,322.44,7.86,0.12,2775,67.68,4801.2,117.1,5411.1,131.98,4297.48,104.82,11382.08,277.61,10217.33,249.2,5462.21,133.22,7467.49,182.13,5088.35,124.11,3123.72,76.19,2664.1,2517.73,2802.08,38,0.93,44,1.07
Europe,TEAM LIQUID,Atow. X&,42,20,47.62,16257,387.07,23,0.55,26,0.62,71,1.69,141,3.36,344,8.19,86,2.05,27,0.64,16.31,443.74,49.29,112729,2684.02,72839,1734.26,39890,949.76,883,21.02,3500,83.33,31254,744.14,18332,436.48,12922,307.67,213,5.07,1133,26.98,1793.78,42.71,1397.05,33.26,18208,433.52,16393,390.31,3025,72.02,1627.28,23800424,566676.75,5930.85,141.21,6628.01,157.81,2835.46,67.51,8098.52,192.82,5953.67,141.75,1342.17,31.96,305.74,7.28,0.09,3288,78.29,4494,107,5415.6,128.94,4821.45,114.8,10572.87,251.74,9139.55,217.61,6254.78,148.92,6391.6,152.18,5248.02,124.95,3754.79,89.4,2759.9,2622.49,2898.41,29,0.69,51,1.21
Europe,MOIST ESPORTS,AztraL,41,24,58.54,17001,414.66,27,0.66,23,0.56,79,1.93,102,2.49,336,8.2,68,1.66,23,0.56,26.47,399.79,46.81,105497,2573.1,70155,1711.1,35342,862,854,20.83,3039,74.12,21326,520.15,11444,279.12,9882,241.02,131,3.2,857,20.9,2202.54,53.72,1921.94,46.88,12363,301.54,15949,389,1927,47,1586.62,24006730,585530,6702.18,163.47,6544.74,159.63,2605.16,63.54,8491.59,207.11,6072.69,148.11,1287.79,31.41,414.73,10.12,0.12,3525,85.98,5645.1,137.69,4612,112.49,4032.49,98.35,11819.55,288.28,10255.48,250.13,5596.49,136.5,7478.89,182.41,5253.07,128.12,3120.14,76.1,2657.14,2559.17,2751.1,44,1.07,53,1.29
Europe,WILLIAMS RESOLVE,Breezi,47,21,44.68,18803,400.06,33,0.7,22,0.47,90,1.91,145,3.09,422,8.98,100,2.13,33,0.7,22.76,387.67,45.51,108111,2300.23,68129,1449.55,39982,850.68,797,16.96,3403,72.4,22715,483.3,11664,248.17,11051,235.13,132,2.81,922,19.62,2029.99,43.19,1448.88,30.83,11726,249.49,11596,246.72,1468,31.23,1528.34,24597068,523341.88,7708.92,164.02,6837.57,145.48,2425.7,51.61,8778.25,186.77,6976.81,148.44,1217.15,25.9,309.77,6.59,0.1,2977,63.34,5617.9,119.53,5382.9,114.53,4585.15,97.56,12386.99,263.55,11212.94,238.57,5759.2,122.54,8166.55,173.76,5503.53,117.1,3302.11,70.26,2905.11,2772.9,3025.49,44,0.94,24,0.51
Europe,EVIL GENIUSES,Catalysm,28,16,57.14,10623,379.39,15,0.54,15,0.54,49,1.75,77,2.75,240,8.57,45,1.61,12,0.43,19.48,387.43,50.59,71471,2552.54,47200,1685.71,24271,866.82,568,20.29,2095,74.82,13363,477.25,6935,247.68,6428,229.57,80,2.86,555,19.82,1401.39,50.05,796.02,28.43,7639,272.82,9632,344,1059,37.82,1522.42,16190724,578240.12,5082.41,181.51,4472.6,159.74,1560.45,55.73,5956,212.71,4445.86,158.78,713.68,25.49,270.15,9.65,0.08,3434,122.64,3809,136.04,3431.5,122.55,2724.06,97.29,8391.42,299.69,7164.84,255.89,3950.65,141.09,5237.21,187.04,3661.56,130.77,2216.77,79.17,2904.39,2855.72,2961.54,29,1.04,23,0.82
Europe,SOLARY,Chausette45,52,27,51.92,19194,369.12,24,0.46,18,0.35,105,2.02,132,2.54,463,8.9,88,1.69,33,0.63,18.18,375.97,49.6,119235,2292.98,78265,1505.1,40970,787.88,966,18.58,3586,68.96,22949,441.33,12646,243.19,10303,198.13,144,2.77,879,16.9,1535.55,29.53,1348.48,25.93,16107,309.75,17905,344.33,1803,34.67,1497.3,27171254,522524.12,9262.79,178.13,7272.66,139.86,2459.03,47.29,11272.91,216.79,6778.69,130.36,942.87,18.13,546.01,10.5,0.11,4823,92.75,6554,126.04,5754.8,110.67,4370.1,84.04,14624.35,281.24,13079.51,251.53,5914.99,113.75,9918.2,190.73,5835,112.21,3241.26,62.33,2794.42,2696.76,2872.6,31,0.6,60,1.15
Europe,ONE CHIP ARMY,Chippy,14,4,28.57,4670,333.57,10,0.71,2,0.14,22,1.57,29,2.07,111,7.93,30,2.14,7,0.5,34.48,434.91,45.83,35659,2547.07,23637,1688.36,12022,858.71,279,19.93,1051,75.07,7106,507.57,3880,277.14,3226,230.43,44,3.14,282,20.14,589.59,42.11,321.24,22.95,5988,427.71,4422,315.86,544,38.86,1526.07,7372403,526600.19,2346.35,167.6,1930.57,137.9,772.87,55.2,3053.05,218.07,1734.74,123.91,262.01,18.71,161.47,11.53,0.12,1328,94.86,1789.8,127.84,1690.5,120.75,1520.22,108.59,3529.59,252.11,3439.9,245.71,1609.88,114.99,2512.68,179.48,1629.38,116.38,907.75,64.84,2877.7,2740.93,3007.56,17,1.21,25,1.79
Europe,ENDPOINT CEX,Crispy,23,10,43.48,9979,433.87,15,0.65,9,0.39,57,2.48,57,2.48,220,9.57,47,2.04,14,0.61,26.32,392.9,51.2,56907,2474.22,38835,1688.48,18072,785.74,482,20.96,1593,69.26,12409,539.52,7608,330.78,4801,208.74,87,3.78,419,18.22,771.51,33.54,1084.37,47.15,5583,242.74,9692,421.39,1155,50.22,1468.92,12130971,527433.5,4390.7,190.9,3290.18,143.05,1003.32,43.62,5202.24,226.18,2964.54,128.89,517.41,22.5,149.8,6.51,0.09,1670,72.61,3029.4,131.71,2625.4,114.15,2163.68,94.07,6520.52,283.5,6002.39,260.97,2681.8,116.6,4414.6,191.94,2853.3,124.06,1416.34,61.58,2985.49,2867.79,3100.1,12,0.52,11,0.48
Europe,GAMERS FIRST,DORITO,41,22,53.66,14545,354.76,16,0.39,23,0.56,72,1.76,88,2.15,368,8.98,75,1.83,25,0.61,18.18,412.12,46.35,105692,2577.85,70372,1716.39,35320,861.46,819,19.98,3056,74.54,25206,614.78,15100,368.29,10106,246.49,168,4.1,867,21.15,2290.23,55.86,1273.71,31.07,15303,373.24,11160,272.2,1649,40.22,1566.74,23412288,571031.44,6788.17,165.57,6016.83,146.75,2876.67,70.16,8258.2,201.42,6342.8,154.7,1080.7,26.36,301.75,7.36,0.13,2374,57.9,4997.8,121.9,5235.5,127.7,4301.85,104.92,11379.85,277.56,10269.92,250.49,5411.79,131.99,7750.08,189.03,4800.99,117.1,3130.59,76.36,2696.75,2575.25,2801.49,45,1.1,42,1.02
Europe,ENDPOINT CEX,Deevo,23,10,43.48,8416,365.91,17,0.74,7,0.3,42,1.83,49,2.13,220,9.57,47,2.04,19,0.83,34.69,415.29,47,59513,2587.52,41991,1825.7,17522,761.83,487,21.17,1525,66.3,12328,536,7877,342.48,4451,193.52,92,4,394,17.13,1357.57,59.02,862.4,37.5,8267,359.43,6890,299.57,1394,60.61,1544.12,12686845,551601.94,3845.53,167.2,3419.04,148.65,1371.31,59.62,4897.41,212.93,3184.22,138.44,554.3,24.1,193.14,8.4,0.1,1849,80.39,3179.8,138.25,2667.8,115.99,2229.35,96.93,6406.61,278.55,5965.4,259.37,2670.55,116.11,4474.01,194.52,2696.82,117.25,1465.13,63.7,3039.18,2994.75,3076.43,26,1.13,27,1.17
Europe,EVIL GENIUSES,EG ivn. T&,28,16,57.14,10927,390.25,17,0.61,16,0.57,52,1.86,77,2.75,240,8.57,45,1.61,16,0.57,22.08,431.89,49.47,78497,2803.46,56634,2022.64,21863,780.82,691,24.68,1864,66.57,16762,598.64,10397,371.32,6365,227.32,119,4.25,528,18.86,1300.13,46.43,1183.45,42.27,9370,334.64,12662,452.21,1473,52.61,1551.52,16440630,587165.38,4925.09,175.9,4430.58,158.23,1722.37,61.51,6101.63,217.92,4238.09,151.36,738.29,26.37,223.71,7.99,0.12,1879,67.11,3590.8,128.24,3760,134.29,2992.37,106.87,8085.67,288.77,7083.27,252.97,3994.69,142.67,5067.23,180.97,3740.26,133.58,2270.52,81.09,2854.54,2722.97,2973.09,35,1.25,34,1.21
Europe,GROS NOOBZ,Ekon,16,6,37.5,5663,353.94,7,0.44,8,0.5,27,1.69,47,2.94,127,7.94,39,2.44,20,1.25,14.89,434.56,49.25,39182,2448.88,27534,1720.88,11648,728,353,22.06,1005,62.81,6896,431,3777,236.06,3119,194.94,47,2.94,266,16.62,582.14,36.38,528.57,33.04,7350,459.38,8018,501.12,1005,62.81,1589.08,8003487,500217.94,2253.93,140.87,2068.8,129.3,1031.95,64.5,3020.3,188.77,1972.04,123.25,362.36,22.65,220.73,13.8,0.1,2127,132.94,2278.8,142.43,1334.8,83.43,1039.6,64.97,4315.11,269.69,3615.82,225.99,1738.88,108.68,2756.6,172.29,1599.25,99.95,998.84,62.43,3055.7,2990.49,3117.63,10,0.62,14,0.88
Europe,BS+COMPETITION,EleXiT.,21,9,42.86,7425,353.57,17,0.81,8,0.38,30,1.43,65,3.1,187,8.9,57,2.71,20,0.95,26.15,377.34,46.66,48366,2303.14,33862,1612.48,14504,690.67,396,18.86,1226,58.38,7339,349.48,3976,189.33,3363,160.14,47,2.24,281,13.38,1009.73,48.08,709.31,33.78,4796,228.38,5709,271.86,684,32.57,1506.58,10961911,521995.75,3717.52,177.02,3197.5,152.26,815.12,38.82,4690.5,223.36,2596.18,123.63,443.46,21.12,121.75,5.8,0.13,944,44.95,2632,125.33,2517.5,119.88,2294.75,109.27,5435.41,258.83,5182.53,246.79,2547.6,121.31,3756.67,178.89,2629.04,125.19,1344.45,64.02,3023.83,3025.61,3016.02,14,0.67,20,0.95
Europe,KARMINE CORP,ExoTiiK,51,32,62.75,18596,364.63,41,0.8,29,0.57,62,1.22,152,2.98,366,7.18,75,1.47,25,0.49,26.97,412.67,47.92,125194,2454.78,91853,1801.04,33341,653.75,1088,21.33,2833,55.55,27279,534.88,16397,321.51,10882,213.37,189,3.71,903,17.71,2613.34,51.24,2036.7,39.94,16633,326.14,16896,331.29,2549,49.98,1538.72,26715718,523837.59,8413.93,164.98,7130.37,139.81,2714.67,53.23,10146.83,198.96,6797.34,133.28,1314.71,25.78,345.94,6.78,0.13,2655,52.06,6125.6,120.11,5826.8,114.25,4850.2,95.1,13408.75,262.92,11159.81,218.82,7099.14,139.2,8049.36,157.83,6207.12,121.71,4002.4,78.48,2833.57,2751.77,2915.04,41,0.8,49,0.96
Europe,TEAM BDS,Extra,42,23,54.76,14444,343.9,29,0.69,13,0.31,62,1.48,120,2.86,368,8.76,77,1.83,23,0.55,24.17,402.38,46.09,110535,2631.79,73163,1741.98,37372,889.81,851,20.26,3144,74.86,28339,674.74,15675,373.21,12664,301.52,188,4.48,1065,25.36,2201.86,52.43,1158.18,27.58,15169,361.17,11032,262.67,2747,65.4,1510.02,24008756,571637.06,7939.05,189.03,6383.69,151.99,2319.23,55.22,9472.18,225.53,6015.56,143.23,1154.21,27.48,349.52,8.32,0.12,3006,71.57,5552.1,132.19,5540.3,131.91,4323.77,102.95,12318.23,293.29,10228.94,243.55,6413,152.69,7440.89,177.16,5390.56,128.35,3810.55,90.73,2617.89,2499.17,2723.06,37,0.88,60,1.43
Europe,SOLARY,Fairy Peak!,52,27,51.92,18241,350.79,20,0.38,27,0.52,94,1.81,115,2.21,463,8.9,88,1.69,26,0.5,17.39,377.49,47.7,119082,2290.04,78592,1511.38,40490,778.65,963,18.52,3521,67.71,22712,436.77,11975,230.29,10737,206.48,144,2.77,929,17.87,1732.37,33.31,1391.48,26.76,18150,349.04,18052,347.15,2478,47.65,1533.8,27797116,534559.94,8504.02,163.54,7884.39,151.62,2572,49.46,10884.77,209.32,6794.23,130.66,1281.35,24.64,350.74,6.75,0.1,3671,70.6,5704.6,109.7,6721.7,129.26,5045.92,97.04,13914.54,267.59,12754.28,245.27,6206.15,119.35,9536.72,183.4,5954.26,114.5,3469.48,66.72,2693.92,2592.14,2776.61,56,1.08,75,1.44
Europe,WILLIAMS RESOLVE,FlamE,47,21,44.68,16779,357,24,0.51,29,0.62,80,1.7,119,2.53,422,8.98,100,2.13,36,0.77,20.17,430.83,48.37,120655,2567.13,83433,1775.17,37222,791.96,1006,21.4,3188,67.83,24936,530.55,15059,320.4,9877,210.15,174,3.7,836,17.79,2251.68,47.91,1277.15,27.17,18801,400.02,17191,365.77,2390,50.85,1627.5,26115184,555642.19,6496.29,138.22,7120.83,151.51,3290.48,70.01,8998.99,191.47,6900.57,146.82,1008.02,21.45,635.93,13.53,0.09,6881,146.4,6117.8,130.17,5333.4,113.48,4621.81,98.34,12285.79,261.4,11355.65,241.61,5551.94,118.13,8381.63,178.33,5372.34,114.31,3153.61,67.1,2986.06,2912.33,3052.27,64,1.36,44,0.94
Europe,HEET,Forece,33,12,36.36,11199,339.36,20,0.61,12,0.36,54,1.64,69,2.09,300,9.09,66,2,15,0.45,28.99,389.08,51.21,73158,2216.91,50009,1515.42,23149,701.48,633,19.18,1965,59.55,15443,467.97,8885,269.24,6558,198.73,110,3.33,553,16.76,1191.34,36.1,1302.43,39.47,8630,261.52,13171,399.12,1953,59.18,1517.19,16292308,493706.31,5390.63,163.35,4298.8,130.27,1635.88,49.57,6661.87,201.87,4019.95,121.82,643.47,19.5,218.4,6.62,0.13,1698,51.45,3439.4,104.22,3935,119.24,3314.27,100.43,8010.97,242.76,7625.82,231.09,3699.4,112.1,5534.35,167.71,3821.52,115.8,1969.43,59.68,2758.29,2635.03,2870.49,55,1.67,22,0.67
Europe,ZOOM ZOOM,Gekk,12,3,25,4002,333.5,3,0.25,5,0.42,25,2.08,24,2,111,9.25,31,2.58,16,1.33,12.5,407.7,49.18,29279,2439.92,20465,1705.42,8814,734.5,242,20.17,763,63.58,6850,570.83,4233,352.75,2617,218.08,53,4.42,224,18.67,461.04,38.42,289.32,24.11,3373,281.08,3733,311.08,1049,87.42,1575.72,6483740,540311.69,1857.75,154.81,1725.71,143.81,751.39,62.62,2111.9,175.99,1942.19,161.85,280.73,23.39,160.42,13.37,0.1,1649,137.42,1361.9,113.49,1494.4,124.53,1420.09,118.34,2914.76,242.9,2702.43,225.2,1632.4,136.03,2025.34,168.78,1326.72,110.56,982.76,81.9,2745.49,2570.74,2881.25,17,1.42,7,0.58
Europe,BS+COMPETITION,Gomb,21,9,42.86,8397,399.86,13,0.62,15,0.71,38,1.81,66,3.14,187,8.9,57,2.71,24,1.14,19.7,390.66,49.73,50869,2422.33,34127,1625.1,16742,797.24,426,20.29,1431,68.14,12513,595.86,7648,364.19,4865,231.67,87,4.14,415,19.76,715.01,34.05,892.34,42.49,5926,282.19,8851,421.48,1137,54.14,1554.52,11308030,538477.62,3476.24,165.54,3159.73,150.46,1098.19,52.29,4313.99,205.43,2762.51,131.55,657.65,31.32,144.96,6.9,0.11,1317,62.71,2388,113.71,2570,122.38,2433.3,115.87,5300.88,252.42,4993.48,237.78,2740.72,130.51,3589.68,170.94,2650.89,126.23,1493.62,71.12,3021.25,2899.62,3143.13,19,0.9,17,0.81
Europe,OXYGEN ESPORTS,Joreuz,42,32,76.19,19346,460.62,45,1.07,20,0.48,80,1.9,171,4.07,356,8.48,67,1.6,29,0.69,26.32,392.91,51.54,109856,2615.62,73169,1742.12,36687,873.5,882,21,3180,75.71,24446,582.05,13545,322.5,10901,259.55,170,4.05,942,22.43,1823.46,43.42,1749.17,41.65,11944,284.38,16039,381.88,3603,85.79,1552.29,24891680,592659.06,7406.56,176.35,6839.98,162.86,2568.22,61.15,9105.74,216.8,6466.86,153.97,1242.16,29.58,315.77,7.52,0.13,2450,58.33,6085.5,144.89,5356.4,127.53,4263.18,101.5,12551.64,298.85,10628.31,253.05,6186.52,147.3,7570.8,180.26,5747.91,136.86,3496.12,83.24,2948.98,2823.07,3062.76,38,0.9,36,0.86
Europe,ZOOM ZOOM,Justuszzz,12,3,25,3951,329.25,8,0.67,3,0.25,15,1.25,30,2.5,111,9.25,31,2.58,8,0.67,26.67,368.28,49.23,26479,2206.58,17165,1430.42,9314,776.17,209,17.42,831,69.25,6070,505.83,3957,329.75,2113,176.08,51,4.25,189,15.75,409.15,34.1,432.32,36.03,4509,375.75,3583,298.58,1022,85.17,1535.14,6304630,525385.81,2060.61,171.72,1607.55,133.96,659.98,55,2483.47,206.96,1554.94,129.58,289.69,24.14,83.74,6.98,0.11,769,64.08,1528.1,127.34,1316.8,109.73,1220.04,101.67,3108.09,259.01,2912.02,242.67,1416.13,118.01,2097.46,174.79,1439.93,119.99,790.74,65.9,2727.67,2612.24,2843.91,16,1.33,9,0.75
Europe,QUADRANT,Kash,70,35,50,25421,363.16,35,0.5,35,0.5,104,1.49,208,2.97,532,7.6,113,1.61,33,0.47,16.83,400.88,52.94,170935,2441.93,123578,1765.4,47357,676.53,1574,22.49,4122,58.89,42393,605.61,29214,417.34,13179,188.27,335,4.79,1115,15.93,2647.05,37.82,3650.23,52.15,19600,280,34962,499.46,4322,61.74,1538.59,37194176,531345.38,11372.94,162.47,10221.43,146.02,3702.73,52.9,14152.11,202.17,9117.65,130.25,2027.2,28.96,485.05,6.93,0.09,5417,77.39,9166.4,130.95,7818.8,111.7,6487.95,92.68,18809.07,268.7,16994.68,242.78,8302.26,118.6,12424.56,177.49,7997.03,114.24,4875.5,69.65,3151.4,2998.01,3295.01,61,0.87,68,0.97
Europe,SOLARY,Kaydop,52,27,51.92,21904,421.23,46,0.88,23,0.44,99,1.9,161,3.1,463,8.9,88,1.69,29,0.56,28.57,405.4,49.83,126178,2426.5,83612,1607.92,42566,818.58,1052,20.23,3811,73.29,23756,456.85,13252,254.85,10504,202,159,3.06,935,17.98,1982.63,38.13,1493.88,28.73,11513,221.4,21656,416.46,2601,50.02,1571.82,28592768,549860.94,8018.79,154.21,7778.07,149.58,3233.04,62.17,9160.36,176.16,8596.86,165.32,1272.72,24.48,609.49,11.72,0.1,6277,120.71,6624.7,127.4,6063.7,116.61,4467.07,85.91,14562.92,280.06,13215.95,254.15,5813.91,111.81,9974.36,191.81,5880.88,113.09,3174.72,61.05,2809.86,2676.54,2920.16,39,0.75,53,1.02
Europe,GUILD ESPORTS,LuiisP,38,15,39.47,13370,351.84,21,0.55,25,0.66,54,1.42,99,2.61,313,8.24,78,2.05,27,0.71,21.21,433.52,49.65,98602,2594.79,70554,1856.68,28048,738.11,886,23.32,2389,62.87,22932,603.47,14257,375.18,8675,228.29,169,4.45,718,18.89,1805.12,47.5,1479.67,38.94,17168,451.79,17877,470.45,2687,70.71,1535.61,19748244,519690.62,6259.97,164.74,5101.49,134.25,2212.4,58.22,7634.24,200.9,5033.23,132.45,906.42,23.85,231.88,6.1,0.12,1854,48.79,4645.9,122.26,4493.6,118.25,3923.6,103.25,9650.32,253.96,8710.38,229.22,4863.45,127.99,6282.15,165.32,4498.01,118.37,2793.73,73.52,2856.94,2732.86,2981.76,66,1.74,43,1.13
Europe,TEAM BDS,M0nkey M00n,42,23,54.76,19835,472.26,26,0.62,22,0.52,99,2.36,135,3.21,368,8.76,77,1.83,25,0.6,19.26,398.1,54.09,111886,2663.95,72835,1734.17,39051,929.79,853,20.31,3443,81.98,23470,558.81,12436,296.1,11034,262.71,147,3.5,1009,24.02,1351.31,32.17,1552.68,36.97,13914,331.29,13025,310.12,2500,59.52,1498.73,23922224,569576.75,8076.8,192.3,6306.66,150.16,2298.68,54.73,9791.77,233.14,5756.84,137.07,1133.56,26.99,257.07,6.12,0.13,2050,48.81,5862,139.57,4955.8,118,3955.64,94.18,12726.55,303.01,10614.87,252.73,6067.23,144.46,7931.3,188.84,5308.42,126.39,3442.43,81.96,2716.09,2614.3,2804.67,42,1,51,1.21
Europe,GAMERS FIRST,MaRc_By_8.,41,22,53.66,15245,371.83,21,0.51,20,0.49,79,1.93,92,2.24,368,8.98,75,1.83,20,0.49,22.83,421.66,45.76,108269,2640.71,75416,1839.41,32853,801.29,863,21.05,2811,68.56,21155,515.98,12406,302.59,8749,213.39,153,3.73,742,18.1,2315.54,56.48,993.16,24.22,12310,300.24,10776,262.83,2778,67.76,1508.91,22582848,550801.19,7386.04,180.15,6118.93,149.24,2207.56,53.84,8822.86,215.19,5934.3,144.74,955.33,23.3,431.31,10.52,0.09,4633,113,5755.5,140.38,4618.6,112.65,3969.49,96.82,11743.03,286.42,10601.77,258.58,5110.78,124.65,7972.49,194.45,4927.09,120.17,2812.96,68.61,2828.28,2785.92,2856.89,53,1.29,35,0.85
Europe,SONIQS,Metsanauris,58,28,48.28,18392,317.1,29,0.5,24,0.41,79,1.36,121,2.09,467,8.05,102,1.76,33,0.57,23.97,401.61,50.57,143019,2465.84,89402,1541.41,53617,924.43,1070,18.45,4659,80.33,31348,540.48,15776,272,15572,268.48,187,3.22,1316,22.69,2177.98,37.55,1368.24,23.59,15068,259.79,18485,318.71,3097,53.4,1483.68,30215800,520962.06,10129.04,174.64,8778.73,151.36,2433.1,41.95,11989.79,206.72,7937.24,136.85,1413.82,24.38,421.98,7.28,0.08,5301,91.4,7259.6,125.17,6759.8,116.55,5882.03,101.41,15458.8,266.53,13895.72,239.58,7444.95,128.36,10206.01,175.97,6992.71,120.56,4142.11,71.42,2809.23,2751.59,2851.43,36,0.62,52,0.9
Europe,SONIQS,Mikeboy,58,28,48.28,21820,376.21,38,0.66,26,0.45,104,1.79,165,2.84,467,8.05,102,1.76,37,0.64,23.03,403.79,51.38,143967,2482.19,100683,1735.91,43284,746.28,1258,21.69,3738,64.45,36802,634.52,23668,408.07,13134,226.45,285,4.91,1137,19.6,2199.6,37.92,3059.64,52.75,23401,403.47,25413,438.16,4713,81.26,1566.99,31798100,548243.12,9386.42,161.83,8484.65,146.29,3399.26,58.61,12668.07,218.41,7257.62,125.13,1344.67,23.18,417.19,7.19,0.11,3690,63.62,7115.7,122.68,6969.4,120.16,5950.24,102.59,15320.13,264.14,13843.74,238.69,7426.5,128.04,10133.42,174.71,6854.43,118.18,4282.44,73.84,2968.79,2841.02,3095.44,82,1.41,72,1.24
Europe,MONKEYS,Mittaen,40,20,50,17456,436.4,34,0.85,27,0.68,80,2,134,3.35,330,8.25,82,2.05,37,0.93,25.37,428.05,47.02,103148,2578.7,71383,1784.57,31765,794.12,840,21,2757,68.93,21351,533.78,12579,314.48,8772,219.3,146,3.65,735,18.38,2059.82,51.5,1981.26,49.53,17713,442.83,13287,332.17,2160,54,1541.56,21478180,536954.5,6625.72,165.64,5923.06,148.08,2156.43,53.91,8299.3,207.48,5158.75,128.97,1247.11,31.18,293.94,7.35,0.09,3267,81.68,5417.2,135.43,4258.6,106.46,3698.94,92.47,11006.22,275.16,9654.5,241.36,5050.69,126.27,7214.96,180.37,4551.17,113.78,2939.08,73.48,2801.92,2707.94,2887.02,52,1.3,48,1.2
Europe,SK GAMING,Nass,11,2,18.18,3752,341.09,2,0.18,6,0.55,18,1.64,26,2.36,120,10.91,28,2.55,8,0.73,7.69,433.87,49.5,30014,2728.55,20779,1889,9235,839.55,257,23.36,800,72.73,6656,605.09,4209,382.64,2447,222.45,49,4.45,218,19.82,510.09,46.37,530.8,48.25,4866,442.36,5003,454.82,696,63.27,1615.31,6378057,579823.38,1626.71,147.88,1694.86,154.08,817.91,74.36,2254.58,204.96,1615.99,146.91,268.87,24.44,63.77,5.8,0.11,592,53.82,1391.4,126.49,1405.4,127.76,1253.61,113.96,2885.84,262.35,2769.11,251.74,1370.34,124.58,2099.24,190.84,1241.86,112.9,798.33,72.58,2890.77,2750.31,3013.75,11,1,10,0.91
Europe,OXYGEN ESPORTS,Oaly,42,32,76.19,15227,362.55,26,0.62,29,0.69,49,1.17,138,3.29,356,8.48,67,1.6,20,0.48,18.84,417.9,43.1,115491,2749.79,72015,1714.64,43476,1035.14,823,19.6,3711,88.36,29052,691.71,14931,355.5,14121,336.21,167,3.98,1185,28.21,2905.49,69.18,980.09,23.34,17486,416.33,9985,237.74,1524,36.29,1567.22,25127664,598277.69,7284.85,173.45,6861.94,163.38,2656.86,63.26,9503.8,226.28,6120.41,145.72,1179.4,28.08,489.04,11.64,0.11,4679,111.4,5236.7,124.68,5483.9,130.57,4337.42,103.27,12466.21,296.81,10407.13,247.79,6396.47,152.3,7245.3,172.51,5972.22,142.2,3586.08,85.38,2736.87,2654.29,2811.43,43,1.02,44,1.05
Europe,AOGIRI,Oscillon,42,21,50,16037,381.83,25,0.6,27,0.64,81,1.93,97,2.31,418,9.95,93,2.21,30,0.71,25.77,387.67,46.3,103012,2452.67,68928,1641.14,34084,811.52,810,19.29,2927,69.69,24638,586.62,14107,335.88,10531,250.74,166,3.95,906,21.57,2039.56,48.56,1232.5,29.35,15421,367.17,11778,280.43,2379,56.64,1496.29,22973748,546994,7853.52,186.99,5899.03,140.45,2437.28,58.03,8747.2,208.27,6484.46,154.39,958.15,22.81,379.54,9.04,0.12,3203,76.26,5312.3,126.48,5404.3,128.67,4618.56,109.97,11571.17,275.5,10418.62,248.06,5771.21,137.41,7775.06,185.12,5044.27,120.1,3370.46,80.25,2717.02,2629.59,2789.93,47,1.12,48,1.14
Europe,TEAM LIQUID,Oski,42,20,47.62,15703,373.88,33,0.79,18,0.43,58,1.38,140,3.33,344,8.19,86,2.05,29,0.69,23.57,498.15,46.78,125725,2993.45,90330,2150.71,35395,842.74,1034,24.62,3015,71.79,28556,679.9,16936,403.24,11620,276.67,196,4.67,977,23.26,2493.9,59.38,1421.17,33.84,20851,496.45,13240,315.24,2625,62.5,1676.88,24503420,583414.75,5457.72,129.95,6155.06,146.55,3766.62,89.68,7761.52,184.8,6410.42,152.63,1207.43,28.75,353.94,8.43,0.11,3275,77.98,4579.5,109.04,5491.7,130.75,4788.29,114.01,10591.14,252.17,9257.52,220.42,6121.87,145.76,6568.65,156.4,5217.4,124.22,3593.38,85.56,2776.67,2597.77,2950.97,29,0.69,51,1.21
Europe,GROS NOOBZ,Pisky,16,6,37.5,5527,345.44,15,0.94,9,0.56,13,0.81,47,2.94,127,7.94,39,2.44,7,0.44,31.91,380.74,50.2,34750,2171.88,24516,1532.25,10234,639.62,307,19.19,906,56.62,10205,637.81,6716,419.75,3489,218.06,79,4.94,298,18.62,482.81,30.18,825.23,51.58,4193,262.06,6657,416.06,1369,85.56,1594.55,8001487,500092.94,2222.12,138.88,2290.86,143.18,824.67,51.54,2888.26,180.52,2109.98,131.87,339.38,21.21,98.9,6.18,0.12,857,53.56,1395.9,87.24,2085.4,130.34,1555.55,97.22,3782.12,236.38,3112.69,194.54,2224.98,139.06,2174.19,135.89,1867.22,116.7,1296.25,81.02,2903.03,2792.4,3002.93,14,0.88,18,1.12
Europe,TEAM VITALITY,Radosin,32,14,43.75,11639,363.72,17,0.53,15,0.47,53,1.66,87,2.72,253,7.91,64,2,23,0.72,19.54,412.24,48.94,80416,2513,56996,1781.12,23420,731.88,710,22.19,2019,63.09,18858,589.31,11467,358.34,7391,230.97,134,4.19,626,19.56,1358.04,42.44,1488.2,46.51,9890,309.06,14312,447.25,2088,65.25,1563.56,17292020,540375.62,5021.11,156.91,4799.15,149.97,1808.95,56.53,6725.16,210.16,4107.1,128.35,796.92,24.9,204.03,6.38,0.15,1401,43.78,4068.1,127.13,3641.9,113.81,2956.84,92.4,8672.33,271.01,7214.03,225.44,4415.11,137.97,5179.58,161.86,3853.94,120.44,2595.71,81.12,2799.78,2684.65,2912.73,34,1.06,35,1.09
Europe,QUADRANT,Relatingwave,70,35,50,25419,363.13,38,0.54,35,0.5,112,1.6,192,2.74,532,7.6,113,1.61,44,0.63,19.79,409.22,51.14,172659,2466.56,126860,1812.29,45799,654.27,1587,22.67,4000,57.14,36430,520.43,22692,324.17,13738,196.26,270,3.86,1162,16.6,2994.32,42.78,3533.16,50.47,22680,324,32777,468.24,4501,64.3,1557.53,37617272,537389.62,11046.2,157.8,10463.84,149.48,3764.45,53.78,14315.88,204.51,9047.62,129.25,1910.86,27.3,512.8,7.33,0.08,6217,88.81,8419.2,120.27,8295.1,118.5,6887.99,98.4,18386.52,262.66,15971.44,228.16,9303.01,132.9,11512.96,164.47,8467.86,120.97,5293.57,75.62,3072.13,2962.6,3165.67,73,1.04,68,0.97
Europe,SK GAMING,Rxii,11,2,18.18,3302,300.18,4,0.36,2,0.18,18,1.64,26,2.36,120,10.91,28,2.55,6,0.55,15.38,411.72,47.81,27885,2535,18903,1718.45,8982,816.55,219,19.91,780,70.91,7145,649.55,4363,396.64,2782,252.91,51,4.64,236,21.45,629.11,57.19,268.11,24.37,4143,376.64,3003,273,658,59.82,1547.08,6092365,553851.38,1845.06,167.73,1632.57,148.42,653.01,59.36,2237.08,203.37,1629.62,148.15,263.97,24,87.03,7.91,0.1,899,81.73,1202.6,109.33,1504.8,136.8,1335.08,121.37,2795.56,254.14,2686.27,244.21,1444.37,131.31,2050.49,186.41,1189.05,108.1,891.1,81.01,2760.32,2660.15,2845.84,22,2,13,1.18
Europe,SONIQS,SONIQS ThO.,58,28,48.28,22478,387.55,31,0.53,25,0.43,100,1.72,172,2.97,467,8.05,102,1.76,32,0.55,18.02,401.25,56.87,144934,2498.86,109004,1879.38,35930,619.48,1420,24.48,3314,57.14,34595,596.47,23608,407.03,10987,189.43,296,5.1,978,16.86,1864.82,32.15,2868.7,49.46,18638,321.34,34372,592.62,6406,110.45,1574.14,32016762,552013.12,8979.55,154.82,8360.9,144.15,3975.95,68.55,10704.08,184.55,8720.96,150.36,1891.39,32.61,313.49,5.4,0.08,3863,66.6,6780.9,116.91,7057.6,121.68,6055.44,104.4,15261.07,263.12,13626.26,234.94,7690.15,132.59,9966.68,171.84,6887.05,118.74,4462.82,76.95,2788.09,2643.92,2911.7,45,0.78,58,1
Europe,SK GAMING,Scrub Killa,11,2,18.18,4889,444.45,5,0.45,0,0,36,3.27,25,2.27,120,10.91,28,2.55,14,1.27,20,399.22,46.64,27046,2458.73,18503,1682.09,8543,776.64,227,20.64,735,66.82,5636,512.36,3487,317,2149,195.36,41,3.73,186,16.91,459.99,41.82,312.34,28.39,3581,325.55,3991,362.82,558,50.73,1560.24,6113028,555729.81,1742.99,158.45,1812.91,164.81,558.11,50.74,2222.29,202.03,1642.48,149.32,249.24,22.66,78.11,7.1,0.12,645,58.64,1586,144.18,1193.4,108.49,1092.52,99.32,3021.5,274.68,2890.31,262.76,1223.72,111.25,2186.95,198.81,1225.96,111.45,701.12,63.74,2917.77,2829.25,3003.72,15,1.36,18,1.64
Europe,TEAM BDS,Seikoo,42,23,54.76,17409,414.5,23,0.55,30,0.71,77,1.83,147,3.5,368,8.76,77,1.83,29,0.69,15.65,390.16,53.92,109970,2618.33,77563,1846.74,32407,771.6,971,23.12,2855,67.98,24562,584.81,14678,349.48,9884,235.33,175,4.17,832,19.81,1281.93,30.52,2804.15,66.77,14621,348.12,20413,486.02,3105,73.93,1570.47,25063700,596754.75,7211.93,171.71,6940.38,165.25,2534.87,60.35,9168.75,218.3,6096.87,145.16,1421.52,33.85,327.94,7.81,0.11,2897,68.98,5394.5,128.44,6000.2,142.86,4504.96,107.26,12182.23,290.05,10355.9,246.57,6331.2,150.74,7535.67,179.42,5591.56,133.13,3559.95,84.76,2819.27,2685.73,2941.19,49,1.17,50,1.19
Europe,MONKEYS,Smokez,40,20,50,15399,384.98,28,0.7,24,0.6,67,1.67,113,2.83,330,8.25,82,2.05,16,0.4,24.78,392.03,47.57,95387,2384.68,65145,1628.62,30242,756.05,775,19.38,2574,64.35,21699,542.47,12138,303.45,9561,239.02,142,3.55,831,20.77,1264.03,31.6,1633.19,40.83,10870,271.75,12641,316.02,2155,53.88,1492.48,20761928,519048.19,7238.59,180.96,5555.37,138.88,1886.23,47.16,8406.09,210.15,5295.25,132.38,978.83,24.47,260.29,6.51,0.13,1998,49.95,4805.4,120.13,4880.6,122.01,4206.69,105.17,10473.48,261.84,9218.99,230.47,5461.19,136.53,6749.17,168.73,4770.9,119.27,3160.16,79,2908.05,2795.2,3014.28,40,1,52,1.3
Europe,OLD FARTS,Speed,23,11,47.83,9372,407.48,21,0.91,14,0.61,28,1.22,74,3.22,193,8.39,50,2.17,19,0.83,28.38,382.11,52.84,55433,2410.13,34500,1500,20933,910.13,450,19.57,1806,78.52,14141,614.83,7268,316,6873,298.83,93,4.04,579,25.17,442.5,19.24,867.22,37.71,5862,254.87,10554,458.87,2029,88.22,1567.17,12777307,555535.06,3670.22,159.57,3819.4,166.06,1133.96,49.3,4846.57,210.72,3156.44,137.24,620.54,26.98,187.72,8.16,0.11,1699,73.87,2572.2,111.83,3081.4,133.97,2593.38,112.76,6030.19,262.18,5290.15,230.01,3333.37,144.93,3768.71,163.86,2884.21,125.4,1970.6,85.68,2713.85,2557.09,2862.49,17,0.74,33,1.43
Europe,GUILD ESPORTS,Stake,38,15,39.47,13861,364.76,22,0.58,12,0.32,73,1.92,100,2.63,313,8.24,78,2.05,28,0.74,22,412.93,47.81,92678,2438.89,62590,1647.11,30088,791.79,720,18.95,2579,67.87,20163,530.61,11282,296.89,8881,233.71,129,3.39,742,19.53,1570.66,41.33,950.47,25.01,7515,197.76,9078,238.89,1563,41.13,1484.14,19069108,501818.62,6638.19,174.69,5298.03,139.42,1640.44,43.17,7162.47,188.49,5369.55,141.3,1044.68,27.49,421.69,11.1,0.11,3847,101.24,4885.3,128.56,3879.6,102.09,3551.73,93.47,10024.96,263.81,8892.13,234,4684.57,123.28,6532.13,171.9,4417.62,116.25,2627.01,69.13,2797.51,2700.46,2887.5,22,0.58,42,1.11
Europe,AOGIRI,Stizzy,42,21,50,17998,428.52,38,0.9,14,0.33,87,2.07,121,2.88,418,9.95,93,2.21,28,0.67,31.4,400.7,50.08,107207,2552.55,72582,1728.14,34625,824.4,849,20.21,3017,71.83,24727,588.74,13989,333.07,10738,255.67,161,3.83,913,21.74,1564.88,37.26,1638.06,39,13889,330.69,12983,309.12,2197,52.31,1525.77,23376832,556591.25,7498.83,178.54,6558.82,156.16,2126.87,50.64,9251.3,220.27,5754.03,137,1179.25,28.08,346,8.24,0.11,3125,74.4,4867.6,115.9,5275,125.6,4422.23,105.29,11762.26,280.05,10358.09,246.62,5826.43,138.72,7663.62,182.47,5083.59,121.04,3437.35,81.84,2690.51,2517.12,2834.4,29,0.69,44,1.05
Europe,OLD FARTS,Tigreee,23,11,47.83,8073,351,11,0.48,17,0.74,36,1.57,66,2.87,193,8.39,50,2.17,11,0.48,16.67,370.07,46.85,54031,2349.17,33124,1440.17,20907,909,395,17.17,1786,77.65,14051,610.91,7389,321.26,6662,289.65,88,3.83,560,24.35,945.87,41.12,929.08,40.39,5550,241.3,6365,276.74,1256,54.61,1473.04,12054574,524111.91,4512.54,196.2,3196.6,138.98,946.76,41.16,5155.98,224.17,3030.97,131.78,468.98,20.39,317.81,13.82,0.12,2721,118.3,3052.3,132.71,2616.5,113.76,2388.27,103.84,6267.63,272.51,5648.44,245.58,3007.45,130.76,4154.54,180.63,2738.97,119.09,1762.4,76.63,2964.96,2904.86,3013.14,17,0.74,24,1.04
Europe,EVIL GENIUSES,Tox,28,16,57.14,11641,415.75,21,0.75,12,0.43,45,1.61,96,3.43,240,8.57,45,1.61,17,0.61,21.88,450.82,47.15,81761,2920.04,56986,2035.21,24775,884.82,673,24.04,2107,75.25,18815,671.96,10881,388.61,7934,283.36,127,4.54,645,23.04,1560.51,55.73,1306.96,46.68,12285,438.75,10797,385.61,1879,67.11,1587.67,16854442,601944.38,4574.08,163.36,4407.95,157.43,2107.1,75.25,5774.8,206.24,4525.2,161.61,789.18,28.18,329.11,11.75,0.11,2903,103.68,3661.4,130.76,3701.4,132.19,2943.55,105.13,8145.61,290.91,7158.95,255.68,3930.24,140.37,5328.08,190.29,3361.35,120.05,2399.72,85.7,2853.07,2753.19,2943.53,31,1.11,30,1.07
Europe,TOP BLOKES,Tundra Kassio,53,28,52.83,17520,330.57,42,0.79,21,0.4,63,1.19,128,2.42,416,7.85,100,1.89,24,0.45,32.81,419.57,44.29,132407,2498.25,88982,1678.91,43425,819.34,1047,19.75,3792,71.55,31902,601.92,17442,329.09,14460,272.83,196,3.7,1262,23.81,2752.88,51.94,1833.41,34.59,17176,324.08,16266,306.91,2375,44.81,1545.33,28219704,532447.25,8552.82,161.37,7876.5,148.61,2769.08,52.25,11027.54,208.07,7074.26,133.48,1096.58,20.69,501.28,9.46,0.14,3584,67.62,5680.7,107.18,6755.7,127.47,5920.05,111.7,13278.3,250.53,11917.92,224.87,7280.46,137.37,8562.57,161.56,6514.24,122.91,4121.62,77.77,2987.43,2945.79,3030.12,39,0.74,97,1.83
Europe,TOP BLOKES,Tundra Rezears,53,28,52.83,20716,390.87,34,0.64,28,0.53,94,1.77,154,2.91,416,7.85,100,1.89,34,0.64,22.08,365.61,48,119886,2262,82157,1550.13,37729,711.87,977,18.43,3332,62.87,24006,452.94,14180,267.55,9826,185.4,167,3.15,851,16.06,2234.63,42.16,3100,58.49,12070,227.74,16277,307.11,2615,49.34,1514.67,27840282,525288.31,9335.69,176.15,7377.76,139.2,2623.19,49.49,10588.57,199.78,7227.46,136.37,1520.63,28.69,453.83,8.56,0.11,3988,75.25,6866.7,129.56,6238.8,117.71,5117.26,96.55,14219.39,268.29,13020.09,245.66,6316.54,119.18,9521.93,179.66,6220.73,117.37,3594.05,67.81,2973.62,2840.46,3092.36,49,0.92,55,1.04
Europe,TOP BLOKES,Tundra Rizex,53,28,52.83,20003,377.42,25,0.47,29,0.55,102,1.92,134,2.53,416,7.85,100,1.89,42,0.79,18.66,360.41,44.98,116226,2192.94,70633,1332.7,45593,860.25,815,15.38,3910,73.77,24391,460.21,10053,189.68,14338,270.53,121,2.28,1227,23.15,2725.57,51.43,1908.43,36.01,12428,234.49,10961,206.81,1844,34.79,1406.39,25790796,486618.78,10643.89,200.83,6590.33,124.35,2064.02,38.94,11159.74,210.56,6858.6,129.41,1279.86,24.15,364.96,6.89,0.09,3892,73.43,6738.3,127.14,5818.3,109.78,4952.69,93.45,14345.51,270.67,12439.81,234.71,6858.4,129.4,9053.89,170.83,6512.83,122.88,3731.5,70.41,2822.67,2758.13,2884.02,50,0.94,65,1.23
Europe,AOGIRI,VKSailen,42,21,50,17755,422.74,28,0.67,22,0.52,88,2.1,131,3.12,418,9.95,93,2.21,35,0.83,21.37,466.92,47.26,125604,2990.57,90785,2161.55,34819,829.02,1095,26.07,2929,69.74,23297,554.69,13611,324.07,9686,230.62,165,3.93,818,19.48,2704.84,64.4,1645.97,39.19,16987,404.45,18895,449.88,2767,65.88,1559.92,23947764,570184.88,6909.54,164.51,6687.66,159.23,2602.49,61.96,8504.37,202.49,6514.15,155.1,1181.16,28.12,349.77,8.33,0.1,3306,78.71,5706.9,135.88,4974.7,118.45,4275.88,101.81,11923.86,283.9,10769.21,256.41,5430.46,129.3,8170.79,194.54,4847.97,115.43,3180.94,75.74,2786.84,2665.48,2889.35,81,1.93,39,0.93
Europe,OLD FARTS,Yukeo,23,11,47.83,9735,423.26,19,0.83,16,0.7,39,1.7,70,3.04,193,8.39,50,2.17,20,0.87,27.14,400.97,46.91,56989,2477.78,37792,1643.13,19197,834.65,480,20.87,1579,68.65,11276,490.26,6203,269.7,5073,220.57,75,3.26,445,19.35,1213.22,52.75,946.99,41.17,6795,295.43,10082,438.35,1288,56,1504.57,12284864,534124.5,4160.55,180.89,3387.9,147.3,1084.95,47.17,4904.06,213.22,3158.54,137.33,570.79,24.82,377.92,16.43,0.12,3087,134.22,3043.9,132.34,2804.8,121.95,2502.71,108.81,6130.64,266.55,5560.39,241.76,3072.97,133.61,4080.22,177.4,2746.97,119.43,1806.15,78.53,2882.78,2795.35,2958.94,21,0.91,27,1.17
Europe,GROS NOOBZ,Yukiss,16,6,37.5,5654,353.38,10,0.62,11,0.69,27,1.69,41,2.56,127,7.94,39,2.44,12,0.75,24.39,372.17,47.4,33104,2069,22436,1402.25,10668,666.75,274,17.12,892,55.75,6947,434.19,3952,247,2995,187.19,51,3.19,251,15.69,521.88,32.62,503.72,31.48,3757,234.81,4913,307.06,966,60.38,1536.48,7720766,482547.88,2484.43,155.28,2139.23,133.7,718.29,44.89,3046.45,190.4,1947.08,121.69,348.43,21.78,67.53,4.22,0.12,582,36.38,1610.3,100.64,1770.2,110.64,1459.64,91.23,3882.32,242.65,3277.75,204.86,2064.17,129.01,2408.35,150.52,1675.49,104.72,1258.13,78.63,2872.82,2800.23,2930.27,25,1.56,17,1.06
Europe,GUILD ESPORTS,accro,38,15,39.47,14827,390.18,30,0.79,20,0.53,68,1.79,109,2.87,313,8.24,78,2.05,23,0.61,27.52,403.78,45.25,91255,2401.45,64274,1691.42,26981,710.03,760,20,2359,62.08,25714,676.68,16306,429.11,9408,247.58,191,5.03,801,21.08,1837.21,48.35,1886.52,49.65,12234,321.95,11380,299.47,2805,73.82,1519.54,19587404,515458,6544.93,172.24,4994.86,131.44,2064.5,54.33,7585.61,199.62,5091.93,134,926.71,24.39,218.72,5.76,0.12,1877,49.39,3979.9,104.73,4909.4,129.19,4340.82,114.23,9263.44,243.77,8327.74,219.15,5276.36,138.85,5966.62,157.02,4539.56,119.46,3098.07,81.53,2860.76,2729.71,2983.28,51,1.34,35,0.92
Europe,MONKEYS,arju,40,20,50,13908,347.7,23,0.57,19,0.47,56,1.4,108,2.7,330,8.25,82,2.05,29,0.73,21.3,419.41,46.91,102844,2571.1,72810,1820.25,30034,750.85,861,21.52,2577,64.43,24253,606.33,14968,374.2,9285,232.12,170,4.25,816,20.4,1867.93,46.7,2013.53,50.34,12504,312.6,13868,346.7,2140,53.5,1593.64,22171072,554276.81,6042.71,151.07,6216.15,155.4,2426.42,60.66,7952.8,198.82,5546.34,138.66,1186.12,29.65,244.12,6.1,0.11,2177,54.42,4281.7,107.04,5070.6,126.76,4244.93,106.12,10440.36,261.01,9141.81,228.55,5543.4,138.58,6495.06,162.38,4960.34,124.01,3229.89,80.75,2724.45,2624.72,2822.43,40,1,50,1.25
Europe,BS+COMPETITION,bluey.,21,9,42.86,7514,357.81,13,0.62,10,0.48,29,1.38,58,2.76,187,8.9,57,2.71,13,0.62,22.41,420.21,45.93,53451,2545.29,37752,1797.71,15699,747.57,432,20.57,1348,64.19,11668,555.62,7589,361.38,4079,194.24,83,3.95,334,15.9,1296.26,61.73,934.62,44.51,5139,244.71,5627,267.95,694,33.05,1548.07,11242133,535339.69,3495.23,166.44,2940.72,140.03,1294.85,61.66,3977.43,189.4,3268.02,155.62,485.31,23.11,201.58,9.6,0.12,1666,79.33,2555.7,121.7,2410.7,114.8,2286.69,108.89,5444.08,259.24,5193.54,247.31,2537.18,120.82,3830.27,182.39,2405.33,114.54,1495.18,71.2,2835.92,2708.97,2952.05,27,1.29,16,0.76
Europe,ZOOM ZOOM,carca,12,3,25,4159,346.58,7,0.58,3,0.25,22,1.83,28,2.33,111,9.25,31,2.58,7,0.58,25,422.01,43.5,29625,2468.75,20493,1707.75,9132,761,234,19.5,800,66.67,6437,536.42,3626,302.17,2811,234.25,41,3.42,247,20.58,694.53,57.88,347.13,28.93,2568,214,2800,233.33,492,41,1512.32,6222131,518510.91,2054.79,171.23,1692.41,141.03,590.19,49.18,2387.16,198.93,1635.81,136.32,314.39,26.2,78.11,6.51,0.13,612,51,1351.1,112.59,1388.1,115.68,1290.7,107.56,3046.69,253.89,2777.42,231.45,1559.96,130,2008,167.33,1462.37,121.86,867.02,72.25,2736.64,2622.01,2840.09,17,1.42,5,0.42
Europe,ONE CHIP ARMY,davoof.,14,4,28.57,4794,342.43,2,0.14,8,0.57,22,1.57,25,1.79,111,7.93,30,2.14,11,0.79,8,413.62,51.91,35338,2524.14,23852,1703.71,11486,820.43,302,21.57,965,68.93,8198,585.57,5093,363.79,3105,221.79,61,4.36,269,19.21,594.26,42.45,423.8,30.27,3677,262.64,6549,467.79,1035,73.93,1517.6,7363441,525960.06,2357.77,168.41,2018.14,144.15,705.69,50.41,2770.85,197.92,1993.15,142.37,317.57,22.68,191.2,13.66,0.11,1725,123.21,1708.9,122.06,1696.2,121.16,1451.92,103.71,3629.67,259.26,3359.12,239.94,1722.46,123.03,2447.11,174.79,1734.59,123.9,899.87,64.28,2652.35,2490.92,2790.11,13,0.93,14,1
Europe,QUADRANT,eekso,70,35,50,25298,361.4,49,0.7,24,0.34,115,1.64,206,2.94,532,7.6,113,1.61,36,0.51,23.79,380.35,46.44,156945,2242.07,106206,1517.23,50739,724.84,1299,18.56,4379,62.56,34157,487.96,18980,271.14,15177,216.81,223,3.19,1293,18.47,3220.96,46.01,2050.11,29.29,21045,300.64,23949,342.13,3248,46.4,1545.9,37231024,531871.75,11076.99,158.24,10646.3,152.09,3493.14,49.9,14184.71,202.64,9314.83,133.07,1717.03,24.53,582.52,8.32,0.11,5432,77.6,7482.5,106.89,8486.6,121.24,6999.03,99.99,18217.5,260.25,15646.41,223.52,9569.98,136.71,11197.25,159.96,8575.63,122.51,5443.58,77.77,2887.25,2831.77,2942.37,73,1.04,95,1.36
Europe,KARMINE CORP,itachi,51,32,62.75,18293,358.69,33,0.65,29,0.57,72,1.41,135,2.65,366,7.18,75,1.47,25,0.49,24.44,407.74,45.77,123522,2422,83893,1644.96,39629,777.04,976,19.14,3318,65.06,23992,470.43,12469,244.49,11523,225.94,153,3,969,19,2366.29,46.4,1699.16,33.32,16187,317.39,14023,274.96,2928,57.41,1520.31,26409734,517837.91,8617.55,168.97,6786.86,133.08,2863.51,56.15,9711.48,190.42,7363.3,144.38,1193.18,23.4,457.59,8.97,0.11,4201,82.37,6046.3,118.55,5460.8,107.07,4581.59,89.84,13686.32,268.36,11430.62,224.13,6837.25,134.06,8176.16,160.32,6242.36,122.4,3849.39,75.48,2570.68,2519.38,2615.2,40,0.78,46,0.9
Europe,HEET,juicy,33,12,36.36,12261,371.55,13,0.39,18,0.55,62,1.88,71,2.15,300,9.09,66,2,26,0.79,18.31,402.4,52.41,75568,2289.94,51298,1554.48,24270,735.45,657,19.91,2030,61.52,17694,536.18,11018,333.88,6676,202.3,136,4.12,577,17.48,828.55,25.11,1714.08,51.94,11607,351.73,14579,441.79,2799,84.82,1533.11,16426196,497763.5,5297.42,160.53,3836.66,116.26,2177.83,65.99,6318.71,191.48,4124.63,124.99,868.53,26.32,262.61,7.96,0.1,2705,81.97,4065.2,123.19,3583.7,108.6,3069.33,93.01,8242.58,249.78,7758.65,235.11,3553.2,107.67,5842.77,177.05,3485.49,105.62,1983.66,60.11,2922.1,2797.79,3042.06,63,1.91,27,0.82
Europe,WILLIAMS RESOLVE,noahsaki,47,21,44.68,17389,369.98,33,0.7,14,0.3,80,1.7,109,2.32,422,8.98,100,2.13,31,0.66,30.28,453.63,48.54,127222,2706.85,90360,1922.55,36862,784.3,1114,23.7,3224,68.6,30162,641.74,18051,384.06,12111,257.68,211,4.49,1045,22.23,2245.66,47.78,1977.49,42.07,17403,370.28,21655,460.74,3191,67.89,1586.81,25547440,543562.56,7253.98,154.34,6777.83,144.21,2940.45,62.56,9704.03,206.47,6068.13,129.11,1200.11,25.53,476.83,10.15,0.12,4016,85.45,4951.8,105.36,5767.5,122.71,4904.71,104.36,12067.6,256.76,10850.61,230.86,6121.56,130.25,7895.44,167.99,5583.23,118.79,3493.53,74.33,2703.66,2624.61,2777.75,83,1.77,26,0.55
Europe,HEET,parka,33,12,36.36,12173,368.88,23,0.7,11,0.33,63,1.91,81,2.45,300,9.09,66,2,25,0.76,28.4,408.93,49.98,76545,2319.55,50293,1524.03,26252,795.52,622,18.85,2186,66.24,16724,506.79,10022,303.7,6702,203.09,118,3.58,562,17.03,1253.92,38,1176.61,35.65,8936,270.79,11896,360.48,1795,54.39,1516.17,16270265,493038.34,5475.31,165.92,4181.6,126.72,1654.07,50.12,6636.18,201.1,3910.41,118.5,764.46,23.17,247.52,7.5,0.13,1874,56.79,3710.7,112.45,3527.6,106.9,3180.88,96.39,8130.09,246.37,7727.93,234.18,3583.01,108.58,5804.21,175.89,3522.78,106.75,1984.01,60.12,2898.65,2848.86,2942.63,59,1.79,29,0.88
Europe,MOIST ESPORTS,rise.,41,24,58.54,16320,398.05,40,0.98,22,0.54,59,1.44,136,3.32,336,8.2,68,1.66,23,0.56,29.41,454.68,47.88,119488,2914.34,82868,2021.17,36620,893.17,1004,24.49,3175,77.44,28540,696.1,15711,383.2,12829,312.9,185,4.51,1097,26.76,1856.49,45.28,1779.35,43.4,26472,645.66,18129,442.17,2958,72.15,1582.62,23999028,585342.12,6739.7,164.38,6471.98,157.85,2667.74,65.07,9557.82,233.12,5232.74,127.63,1088.8,26.56,344.22,8.4,0.1,3418,83.37,4267.4,104.08,5828.2,142.15,5044.42,123.03,10835.03,264.27,9630.93,234.9,6248.5,152.4,6837.69,166.77,5348.01,130.44,3693.7,90.09,2736.61,2636.28,2820.02,39,0.95,46,1.12
Europe,TEAM VITALITY,saizen,32,14,43.75,9798,306.19,18,0.56,16,0.5,40,1.25,85,2.66,253,7.91,64,2,16,0.5,21.18,419.86,54.69,82371,2574.09,53472,1671,28899,903.09,689,21.53,2491,77.84,26605,831.41,15438,482.44,11167,348.97,189,5.91,946,29.56,918.56,28.7,1185.3,37.04,14031,438.47,15835,494.84,3556,111.12,1609.52,17798004,556187.62,4712.16,147.26,4555.64,142.36,2362.76,73.84,6767.48,211.48,4199.52,131.24,663.51,20.73,235.56,7.36,0.14,1743,54.47,3493.7,109.18,4188.3,130.88,3504.06,109.5,8126.5,253.95,6755.44,211.11,4875.11,152.35,4770.83,149.09,3872.79,121.02,2986.91,93.34,3060.73,2961.56,3154.05,55,1.72,35,1.09
Europe,ENDPOINT CEX,simas,23,10,43.48,8894,386.7,9,0.39,15,0.65,49,2.13,61,2.65,220,9.57,47,2.04,14,0.61,14.75,393.74,48.92,56363,2450.57,39146,1702,17217,748.57,473,20.57,1486,64.61,13531,588.3,7960,346.09,5571,242.22,97,4.22,470,20.43,1048.18,45.57,892.31,38.8,7269,316.04,8386,364.61,1806,78.52,1544.15,12674960,551085.19,3899.74,169.55,3426.81,148.99,1298.26,56.45,4654.57,202.37,3274.03,142.35,696.2,30.27,153.98,6.69,0.11,1377,59.87,2340.2,101.75,3126.1,135.92,2620.64,113.94,6004.13,261.05,5604.4,243.67,3020.43,131.32,4035.34,175.45,2775.49,120.67,1813.98,78.87,2671.05,2566.55,2770.85,38,1.65,28,1.22
Europe,KARMINE CORP,vatira.,51,32,62.75,20964,411.06,42,0.82,30,0.59,93,1.82,167,3.27,366,7.18,75,1.47,25,0.49,25.15,438.52,51.52,135106,2649.14,95342,1869.45,39764,779.69,1163,22.8,3471,68.06,33154,650.08,20365,399.31,12789,250.76,239,4.69,1072,21.02,2308.53,45.27,2288.98,44.88,17669,346.45,22464,440.47,3979,78.02,1625.18,28250294,553927.31,7158.13,140.36,7271.75,142.58,3844.73,75.39,9458.78,185.47,7470.11,146.47,1345.67,26.39,390.19,7.65,0.11,3499,68.61,5953.6,116.74,6512.7,127.7,5233.54,102.62,13041.06,255.71,11297.27,221.52,6977.3,136.81,8026.52,157.38,6146.51,120.52,4101.61,80.42,2878.15,2733.92,3009.77,45,0.88,43,0.84